p1,p2,distance,similarity
236,791,0.6196961760,0.9138663577
236,893,0.8858040859,0.9797219003
236,1146,0.8852802514,0.9791425261
236,1619,0.7255107386,0.9361722673
236,1721,0.9041382923,1.0000000000
265,277,0.6977475118,0.9003476246
265,791,0.7160817182,0.9240054075
277,1722,0.7050811943,0.9098107377
694,1721,0.7003666841,0.9037273078
791,894,0.7061288633,0.9111626110
791,1145,0.7040335254,0.9084588644
791,1722,0.7265584075,0.9375241406
880,1721,0.7071765322,0.9125144844
